{
  "mappings": {
    "bun:aug": "fca",
    "bun:b04": "lev",
    "bun:bay": "bmu",
    "bun:bmg": "bmg",
    "bun:bmu": "bmu",
    "bun:boc": "boc",
    "bun:bvb": "bvb",
    "bun:dor": "bvb",
    "bun:draw": "tie",
    "bun:ein": "sge",
    "bun:fca": "fca",
    "bun:fch": "fch",
    "bun:fre": "scf",
    "bun:hei": "fch",
    "bun:hof": "tsg",
    "bun:hol": "hol",
    "bun:hsv": "hsv",
    "bun:koe": "koe",
    "bun:lei": "rbl",
    "bun:lev": "lev",
    "bun:m05": "m05",
    "bun:mai": "m05",
    "bun:moe": "bmg",
    "bun:pau": "stp",
    "bun:rbl": "rbl",
    "bun:scf": "scf",
    "bun:sge": "sge",
    "bun:stp": "stp",
    "bun:stu": "vfb",
    "bun:svw": "svw",
    "bun:tie": "tie",
    "bun:tsg": "tsg",
    "bun:uni": "uni",
    "bun:vfb": "vfb",
    "bun:wer": "svw",
    "bun:wob": "wob",
    "bun:wol": "wob",
    "bundesliga:aug": "fca",
    "bundesliga:augsburg": "fca",
    "bundesliga:b04": "lev",
    "bundesliga:bay": "bmu",
    "bundesliga:bayern": "bmu",
    "bundesliga:bayern_munich": "bmu",
    "bundesliga:bmg": "bmg",
    "bundesliga:bmu": "bmu",
    "bundesliga:bremen": "svw",
    "bundesliga:bvb": "bvb",
    "bundesliga:cologne": "koe",
    "bundesliga:dor": "bvb",
    "bundesliga:dortmund": "bvb",
    "bundesliga:draw": "tie",
    "bundesliga:ein": "sge",
    "bundesliga:eintracht": "sge",
    "bundesliga:fca": "fca",
    "bundesliga:fch": "fch",
    "bundesliga:frankfurt": "sge",
    "bundesliga:fre": "scf",
    "bundesliga:freiburg": "scf",
    "bundesliga:gladbach": "bmg",
    "bundesliga:hamburg": "hsv",
    "bundesliga:hei": "fch",
    "bundesliga:heidenheim": "fch",
    "bundesliga:hof": "tsg",
    "bundesliga:hoffenheim": "tsg",
    "bundesliga:hsv": "hsv",
    "bundesliga:koe": "koe",
    "bundesliga:koeln": "koe",
    "bundesliga:lei": "rbl",
    "bundesliga:leipzig": "rbl",
    "bundesliga:lev": "lev",
    "bundesliga:leverkusen": "lev",
    "bundesliga:m05": "m05",
    "bundesliga:mai": "m05",
    "bundesliga:mainz": "m05",
    "bundesliga:mgladbach": "bmg",
    "bundesliga:moe": "bmg",
    "bundesliga:pau": "stp",
    "bundesliga:pauli": "stp",
    "bundesliga:rbl": "rbl",
    "bundesliga:scf": "scf",
    "bundesliga:sge": "sge",
    "bundesliga:st_pauli": "stp",
    "bundesliga:stp": "stp",
    "bundesliga:stu": "vfb",
    "bundesliga:stuttgart": "vfb",
    "bundesliga:svw": "svw",
    "bundesliga:tie": "tie",
    "bundesliga:tsg": "tsg",
    "bundesliga:uni": "uni",
    "bundesliga:union": "uni",
    "bundesliga:union_berlin": "uni",
    "bundesliga:vfb": "vfb",
    "bundesliga:wer": "svw",
    "bundesliga:werder": "svw",
    "bundesliga:wob": "wob",
    "bundesliga:wol": "wob",
    "bundesliga:wolfsburg": "wob",
    "cfb:ala": "ala",
    "cfb:alabama": "ala",
    "cfb:army": "army",
    "cfb:arst": "arst",
    "cfb:bama": "ala",
    "cfb:boise": "bsu",
    "cfb:bsu": "bsu",
    "cfb:del": "del",
    "cfb:jmu": "jmu",
    "cfb:jsu": "jvst",
    "cfb:jvst": "jvst",
    "cfb:kenn": "kenn",
    "cfb:mem": "mem",
    "cfb:mia": "mia",
    "cfb:miami": "mia",
    "cfb:miss": "miss",
    "cfb:mosu": "mosu",
    "cfb:navy": "navy",
    "cfb:ncst": "ncst",
    "cfb:odu": "odu",
    "cfb:okla": "okla",
    "cfb:oklahoma": "okla",
    "cfb:olemiss": "miss",
    "cfb:ore": "ore",
    "cfb:oregon": "ore",
    "cfb:tamu": "txam",
    "cfb:troy": "troy",
    "cfb:tuln": "tuln",
    "cfb:txam": "txam",
    "cfb:ull": "ull",
    "cfb:usf": "usf",
    "cfb:usu": "usu",
    "cfb:wash": "wash",
    "cfb:washington": "wash",
    "cfb:wmu": "wmu",
    "cfb:wsu": "wsu",
    "efl:bc": "bc",
    "efl:bir": "bc",
    "efl:birmingham": "bc",
    "efl:bla": "bla",
    "efl:blackburn": "bla",
    "efl:boro": "mid",
    "efl:brc": "brc",
    "efl:bri": "brc",
    "efl:bristol_city": "brc",
    "efl:cha": "cha",
    "efl:charlton": "cha",
    "efl:cov": "cov",
    "efl:coventry": "cov",
    "efl:der": "der",
    "efl:derby": "der",
    "efl:draw": "tie",
    "efl:hul": "hul",
    "efl:hull": "hul",
    "efl:ips": "ips",
    "efl:ipswich": "ips",
    "efl:lei": "lei",
    "efl:leicester": "lei",
    "efl:mid": "mid",
    "efl:middlesbrough": "mid",
    "efl:mil": "mil",
    "efl:millwall": "mil",
    "efl:nor": "nor",
    "efl:norwich": "nor",
    "efl:oxford": "oxu",
    "efl:oxford_united": "oxu",
    "efl:oxu": "oxu",
    "efl:pne": "pne",
    "efl:por": "por",
    "efl:portsmouth": "por",
    "efl:preston": "pne",
    "efl:qpr": "qpr",
    "efl:sheff_utd": "shu",
    "efl:sheffield_united": "shu",
    "efl:sheffield_wednesday": "shw",
    "efl:shu": "shu",
    "efl:shw": "shw",
    "efl:sot": "sou",
    "efl:sou": "sou",
    "efl:southampton": "sou",
    "efl:stk": "stk",
    "efl:stoke": "stk",
    "efl:swa": "swa",
    "efl:swansea": "swa",
    "efl:swe": "shw",
    "efl:tie": "tie",
    "efl:wat": "wat",
    "efl:watford": "wat",
    "efl:wba": "wba",
    "efl:wednesday": "shw",
    "efl:west_brom": "wba",
    "efl:west_bromwich": "wba",
    "efl:wre": "wre",
    "efl:wrexham": "wre",
    "eflc:bir": "bc",
    "eflc:bla": "bla",
    "eflc:bri": "brc",
    "eflc:draw": "tie",
    "eflc:lei": "lei",
    "eflc:qpr": "qpr",
    "eflc:shu": "shu",
    "eflc:shw": "shw",
    "eflc:sot": "sou",
    "eflc:swe": "shw",
    "eflc:tie": "tie",
    "eflc:wat": "wat",
    "eflc:wba": "wba",
    "elc:bar": "bar",
    "elc:bbr": "bla",
    "elc:bc": "bc",
    "elc:bir": "bc",
    "elc:bla": "bla",
    "elc:bor": "bou",
    "elc:brc": "brc",
    "elc:bre": "bre",
    "elc:bri": "brc",
    "elc:bur": "bur",
    "elc:car": "car",
    "elc:cha": "cha",
    "elc:cov": "cov",
    "elc:der": "der",
    "elc:draw": "tie",
    "elc:ful": "ful",
    "elc:hud": "hud",
    "elc:hul": "hul",
    "elc:ips": "ips",
    "elc:lee": "lee",
    "elc:lei": "lei",
    "elc:lut": "lut",
    "elc:mid": "mid",
    "elc:mil": "mil",
    "elc:nor": "nor",
    "elc:not": "nfo",
    "elc:oxf": "oxu",
    "elc:oxu": "oxu",
    "elc:pet": "pet",
    "elc:ply": "ply",
    "elc:pne": "pne",
    "elc:por": "por",
    "elc:pre": "pne",
    "elc:qpr": "qpr",
    "elc:rea": "rea",
    "elc:rot": "rot",
    "elc:she": "shu",
    "elc:shu": "shu",
    "elc:shw": "shw",
    "elc:sot": "sou",
    "elc:sou": "sou",
    "elc:stk": "stk",
    "elc:sto": "stk",
    "elc:sun": "sun",
    "elc:swa": "swa",
    "elc:swe": "shw",
    "elc:tie": "tie",
    "elc:wat": "wat",
    "elc:wba": "wba",
    "elc:wed": "swe",
    "elc:wig": "wig",
    "elc:wre": "wre",
    "elc:wyc": "wyc",
    "epl:ars": "ars",
    "epl:arsenal": "ars",
    "epl:ast": "avl",
    "epl:aston_villa": "avl",
    "epl:avl": "avl",
    "epl:bou": "bou",
    "epl:bournemouth": "bou",
    "epl:bre": "bre",
    "epl:brentford": "bre",
    "epl:bri": "bri",
    "epl:brighton": "bri",
    "epl:bur": "bur",
    "epl:burnley": "bur",
    "epl:cfc": "cfc",
    "epl:che": "cfc",
    "epl:chelsea": "cfc",
    "epl:cry": "cry",
    "epl:crystal_palace": "cry",
    "epl:draw": "tie",
    "epl:eve": "eve",
    "epl:everton": "eve",
    "epl:forest": "nfo",
    "epl:ful": "ful",
    "epl:fulham": "ful",
    "epl:gunners": "ars",
    "epl:hammers": "whu",
    "epl:ips": "ips",
    "epl:ipswich": "ips",
    "epl:lee": "lee",
    "epl:leeds": "lee",
    "epl:leeds_united": "lee",
    "epl:lei": "lei",
    "epl:leicester": "lei",
    "epl:lfc": "lfc",
    "epl:liv": "lfc",
    "epl:liverpool": "lfc",
    "epl:mac": "mci",
    "epl:man_city": "mci",
    "epl:man_utd": "mun",
    "epl:manchester_city": "mci",
    "epl:manchester_united": "mun",
    "epl:mancity": "mci",
    "epl:manutd": "mun",
    "epl:mci": "mci",
    "epl:mnc": "mci",
    "epl:mun": "mun",
    "epl:new": "new",
    "epl:newcastle": "new",
    "epl:nfo": "nfo",
    "epl:not": "nfo",
    "epl:nottingham": "nfo",
    "epl:palace": "cry",
    "epl:saints": "sou",
    "epl:sou": "sou",
    "epl:southampton": "sou",
    "epl:spurs": "tot",
    "epl:sun": "sun",
    "epl:sunderland": "sun",
    "epl:tie": "tie",
    "epl:toffees": "eve",
    "epl:tot": "tot",
    "epl:tottenham": "tot",
    "epl:villa": "avl",
    "epl:wes": "whu",
    "epl:west_ham": "whu",
    "epl:whu": "whu",
    "epl:wol": "wol",
    "epl:wolverhampton": "wol",
    "epl:wolves": "wol",
    "fl1:aja": "aux",
    "fl1:ang": "ang",
    "fl1:asm": "asm",
    "fl1:aux": "aux",
    "fl1:draw": "tie",
    "fl1:fcl": "fcl",
    "fl1:fcm": "fcm",
    "fl1:fcn": "fcn",
    "fl1:hac": "hac",
    "fl1:lil": "lil",
    "fl1:lor": "fcl",
    "fl1:lyo": "ol",
    "fl1:met": "fcm",
    "fl1:nan": "fcn",
    "fl1:nic": "nic",
    "fl1:ogc": "nic",
    "fl1:ol": "ol",
    "fl1:olm": "om",
    "fl1:om": "om",
    "fl1:par": "psg",
    "fl1:pfc": "pfc",
    "fl1:psg": "psg",
    "fl1:rcl": "rcl",
    "fl1:rcs": "rcs",
    "fl1:ren": "ren",
    "fl1:sbr": "stb",
    "fl1:stb": "stb",
    "fl1:str": "rcs",
    "fl1:tfc": "tfc",
    "fl1:tie": "tie",
    "fl1:tou": "tfc",
    "lal:ala": "ala",
    "lal:ath": "ath",
    "lal:atm": "atm",
    "lal:bar": "bar",
    "lal:barca": "bar",
    "lal:bet": "rbb",
    "lal:bil": "ath",
    "lal:cel": "rcc",
    "lal:draw": "tie",
    "lal:elc": "elc",
    "lal:esp": "esp",
    "lal:get": "get",
    "lal:gir": "gir",
    "lal:leg": "leg",
    "lal:lev": "lev",
    "lal:mad": "atm",
    "lal:mal": "mal",
    "lal:osa": "osa",
    "lal:ovi": "ovi",
    "lal:pal": "pal",
    "lal:ray": "rvc",
    "lal:rbb": "rbb",
    "lal:rcc": "rcc",
    "lal:rea": "rma",
    "lal:rma": "rma",
    "lal:rso": "rso",
    "lal:rvc": "rvc",
    "lal:sev": "sev",
    "lal:tie": "tie",
    "lal:val": "vcf",
    "lal:vcf": "vcf",
    "lal:vil": "vil",
    "lal:vll": "vll",
    "laliga:ala": "ala",
    "laliga:alaves": "ala",
    "laliga:ath": "ath",
    "laliga:athletic": "ath",
    "laliga:atletico": "atm",
    "laliga:atletico_madrid": "atm",
    "laliga:atm": "atm",
    "laliga:bar": "bar",
    "laliga:barca": "bar",
    "laliga:barcelona": "bar",
    "laliga:bet": "rbb",
    "laliga:betis": "rbb",
    "laliga:bil": "ath",
    "laliga:bilbao": "ath",
    "laliga:cel": "rcc",
    "laliga:celta": "rcc",
    "laliga:celta_vigo": "rcc",
    "laliga:draw": "tie",
    "laliga:elc": "elc",
    "laliga:elche": "elc",
    "laliga:esp": "esp",
    "laliga:espanyol": "esp",
    "laliga:fcb": "bar",
    "laliga:get": "get",
    "laliga:getafe": "get",
    "laliga:gir": "gir",
    "laliga:girona": "gir",
    "laliga:lev": "lev",
    "laliga:levante": "lev",
    "laliga:mad": "atm",
    "laliga:mal": "mal",
    "laliga:mallorca": "mal",
    "laliga:osa": "osa",
    "laliga:osasuna": "osa",
    "laliga:ovi": "ovi",
    "laliga:oviedo": "ovi",
    "laliga:ray": "rvc",
    "laliga:rayo": "rvc",
    "laliga:rbb": "rbb",
    "laliga:rcc": "rcc",
    "laliga:rea": "rma",
    "laliga:real": "rma",
    "laliga:real_betis": "rbb",
    "laliga:real_madrid": "rma",
    "laliga:real_sociedad": "rso",
    "laliga:rma": "rma",
    "laliga:rso": "rso",
    "laliga:rvc": "rvc",
    "laliga:sev": "sev",
    "laliga:sevilla": "sev",
    "laliga:sociedad": "rso",
    "laliga:tie": "tie",
    "laliga:val": "vcf",
    "laliga:valencia": "vcf",
    "laliga:vallecano": "rvc",
    "laliga:vcf": "vcf",
    "laliga:vil": "vil",
    "laliga:villarreal": "vil",
    "ligue1:ang": "ang",
    "ligue1:angers": "ang",
    "ligue1:asm": "asm",
    "ligue1:aux": "aux",
    "ligue1:auxerre": "aux",
    "ligue1:brest": "stb",
    "ligue1:draw": "tie",
    "ligue1:fcl": "fcl",
    "ligue1:fcm": "fcm",
    "ligue1:fcn": "fcn",
    "ligue1:hac": "hac",
    "ligue1:havre": "hac",
    "ligue1:le_havre": "hac",
    "ligue1:lens": "rcl",
    "ligue1:lil": "lil",
    "ligue1:lille": "lil",
    "ligue1:lor": "fcl",
    "ligue1:lorient": "fcl",
    "ligue1:lyo": "ol",
    "ligue1:lyon": "ol",
    "ligue1:marseille": "om",
    "ligue1:met": "fcm",
    "ligue1:metz": "fcm",
    "ligue1:monaco": "asm",
    "ligue1:nan": "fcn",
    "ligue1:nantes": "fcn",
    "ligue1:nic": "nic",
    "ligue1:nice": "nic",
    "ligue1:ogc": "nic",
    "ligue1:ol": "ol",
    "ligue1:olm": "om",
    "ligue1:om": "om",
    "ligue1:par": "psg",
    "ligue1:paris": "psg",
    "ligue1:pfc": "psg",
    "ligue1:psg": "psg",
    "ligue1:rcl": "rcl",
    "ligue1:rcs": "rcs",
    "ligue1:ren": "ren",
    "ligue1:rennes": "ren",
    "ligue1:sbr": "stb",
    "ligue1:stade_rennais": "ren",
    "ligue1:stb": "stb",
    "ligue1:str": "rcs",
    "ligue1:strasbourg": "rcs",
    "ligue1:tfc": "tfc",
    "ligue1:tie": "tie",
    "ligue1:tou": "tfc",
    "ligue1:toulouse": "tfc",
    "mlb:a": "a",
    "mlb:ari": "ari",
    "mlb:atl": "atl",
    "mlb:bal": "bal",
    "mlb:bos": "bos",
    "mlb:chc": "chc",
    "mlb:cin": "cin",
    "mlb:cle": "cle",
    "mlb:col": "col",
    "mlb:cws": "cws",
    "mlb:det": "det",
    "mlb:draw": "tie",
    "mlb:hou": "hou",
    "mlb:kc": "kc",
    "mlb:laa": "laa",
    "mlb:lad": "lad",
    "mlb:mia": "mia",
    "mlb:mil": "mil",
    "mlb:min": "min",
    "mlb:nym": "nym",
    "mlb:nyy": "nyy",
    "mlb:phi": "phi",
    "mlb:pit": "pit",
    "mlb:sd": "sd",
    "mlb:sea": "sea",
    "mlb:sf": "sf",
    "mlb:stl": "stl",
    "mlb:tb": "tb",
    "mlb:tex": "tex",
    "mlb:tie": "tie",
    "mlb:tor": "tor",
    "mlb:was": "was",
    "mlb:wsh": "was",
    "mls:atl": "atl",
    "mls:aus": "aus",
    "mls:chi": "chi",
    "mls:clb": "clb",
    "mls:clt": "clt",
    "mls:col": "col",
    "mls:dal": "dal",
    "mls:dcu": "dcu",
    "mls:draw": "tie",
    "mls:fcc": "fcc",
    "mls:hou": "hou",
    "mls:laf": "laf",
    "mls:lag": "lag",
    "mls:mia": "mia",
    "mls:mim": "mim",
    "mls:min": "min",
    "mls:nas": "nas",
    "mls:ner": "ner",
    "mls:nyc": "nyc",
    "mls:nyr": "nyr",
    "mls:orl": "orl",
    "mls:phi": "phi",
    "mls:por": "por",
    "mls:rsl": "rsl",
    "mls:sdg": "sdg",
    "mls:sea": "sea",
    "mls:sje": "sje",
    "mls:skc": "skc",
    "mls:stl": "stl",
    "mls:tie": "tie",
    "mls:tor": "tor",
    "mls:vwh": "vwh",
    "nba:atl": "atl",
    "nba:bkn": "bkn",
    "nba:bos": "bos",
    "nba:cha": "cha",
    "nba:chi": "chi",
    "nba:cle": "cle",
    "nba:dal": "dal",
    "nba:den": "den",
    "nba:det": "det",
    "nba:draw": "tie",
    "nba:gsw": "gsw",
    "nba:hou": "hou",
    "nba:ind": "ind",
    "nba:lac": "lac",
    "nba:lal": "lal",
    "nba:mem": "mem",
    "nba:mia": "mia",
    "nba:mil": "mil",
    "nba:min": "min",
    "nba:nop": "nop",
    "nba:nyk": "nyk",
    "nba:okc": "okc",
    "nba:orl": "orl",
    "nba:phi": "phi",
    "nba:phx": "phx",
    "nba:por": "por",
    "nba:sac": "sac",
    "nba:sas": "sas",
    "nba:tie": "tie",
    "nba:tor": "tor",
    "nba:uta": "uta",
    "nba:was": "was",
    "ncaaf:ala": "ala",
    "ncaaf:alabama": "ala",
    "ncaaf:arkansas_st": "arst",
    "ncaaf:arkansasst": "arst",
    "ncaaf:army": "army",
    "ncaaf:arst": "arst",
    "ncaaf:bama": "ala",
    "ncaaf:boise": "bsu",
    "ncaaf:boise_st": "bsu",
    "ncaaf:bsu": "bsu",
    "ncaaf:del": "del",
    "ncaaf:delaware": "del",
    "ncaaf:jacksonville": "jvst",
    "ncaaf:jacksonville_st": "jvst",
    "ncaaf:james_madison": "jmu",
    "ncaaf:jamesmadison": "jmu",
    "ncaaf:jmu": "jmu",
    "ncaaf:jsu": "jvst",
    "ncaaf:jvst": "jvst",
    "ncaaf:kenn": "kenn",
    "ncaaf:kennesaw": "kenn",
    "ncaaf:kennesaw_st": "kenn",
    "ncaaf:louisiana": "ull",
    "ncaaf:mem": "mem",
    "ncaaf:memphis": "mem",
    "ncaaf:mia": "mia",
    "ncaaf:miami": "mia",
    "ncaaf:miss": "miss",
    "ncaaf:missouri_st": "mosu",
    "ncaaf:missourist": "mosu",
    "ncaaf:mosu": "mosu",
    "ncaaf:navy": "navy",
    "ncaaf:nc_state": "ncst",
    "ncaaf:ncst": "ncst",
    "ncaaf:ncstate": "ncst",
    "ncaaf:odu": "odu",
    "ncaaf:okla": "okla",
    "ncaaf:oklahoma": "okla",
    "ncaaf:old_dominion": "odu",
    "ncaaf:olddominion": "odu",
    "ncaaf:ole_miss": "miss",
    "ncaaf:olemiss": "miss",
    "ncaaf:ore": "ore",
    "ncaaf:oregon": "ore",
    "ncaaf:south_florida": "usf",
    "ncaaf:southflorida": "usf",
    "ncaaf:tamu": "txam",
    "ncaaf:texas_am": "txam",
    "ncaaf:texasam": "txam",
    "ncaaf:troy": "troy",
    "ncaaf:tulane": "tuln",
    "ncaaf:tuln": "tuln",
    "ncaaf:txam": "txam",
    "ncaaf:ull": "ull",
    "ncaaf:usf": "usf",
    "ncaaf:usu": "usu",
    "ncaaf:utah_st": "usu",
    "ncaaf:utahst": "usu",
    "ncaaf:wash": "wash",
    "ncaaf:washington": "wash",
    "ncaaf:washington_st": "wsu",
    "ncaaf:washingtonst": "wsu",
    "ncaaf:western_michigan": "wmu",
    "ncaaf:westernmichigan": "wmu",
    "ncaaf:wmu": "wmu",
    "ncaaf:wsu": "wsu",
    "ncaamb:asu": "asu",
    "ncaamb:bay": "bay",
    "ncaamb:byu": "byu",
    "ncaamb:clem": "clem",
    "ncaamb:conn": "conn",
    "ncaamb:fla": "fla",
    "ncaamb:ill": "ill",
    "ncaamb:ind": "ind",
    "ncaamb:ksu": "ksu",
    "ncaamb:mich": "mich",
    "ncaamb:osu": "osu",
    "ncaamb:psu": "psu",
    "ncaamb:tex": "tex",
    "ncaamb:uk": "uk",
    "ncaamb:usc": "usc",
    "ncaamb:uva": "uva",
    "ncaamb:vill": "vill",
    "ncaamb:wvu": "wvu",
    "ncaawb:asu": "asu",
    "ncaawb:bay": "bay",
    "ncaawb:gt": "gt",
    "ncaawb:iowa": "iowa",
    "ncaawb:isu": "isu",
    "ncaawb:lou": "lou",
    "ncaawb:md": "md",
    "ncaawb:minn": "minn",
    "ncaawb:neb": "neb",
    "ncaawb:psu": "psu",
    "ncaawb:syr": "syr",
    "ncaawb:tex": "tex",
    "ncaawb:utah": "utah",
    "ncaawb:uva": "uva",
    "ncaawb:wvu": "wvu",
    "nfl:49ers": "sf",
    "nfl:ari": "ari",
    "nfl:arizona": "ari",
    "nfl:atl": "atl",
    "nfl:atlanta": "atl",
    "nfl:bal": "bal",
    "nfl:baltimore": "bal",
    "nfl:bears": "chi",
    "nfl:bengals": "cin",
    "nfl:bills": "buf",
    "nfl:broncos": "den",
    "nfl:browns": "cle",
    "nfl:buccaneers": "tb",
    "nfl:bucs": "tb",
    "nfl:buf": "buf",
    "nfl:buffalo": "buf",
    "nfl:car": "car",
    "nfl:cardinals": "ari",
    "nfl:carolina": "car",
    "nfl:chargers": "lac",
    "nfl:chi": "chi",
    "nfl:chicago": "chi",
    "nfl:chiefs": "kc",
    "nfl:cin": "cin",
    "nfl:cincinnati": "cin",
    "nfl:cle": "cle",
    "nfl:cleveland": "cle",
    "nfl:colts": "ind",
    "nfl:commanders": "was",
    "nfl:cowboys": "dal",
    "nfl:dal": "dal",
    "nfl:dallas": "dal",
    "nfl:den": "den",
    "nfl:denver": "den",
    "nfl:det": "det",
    "nfl:detroit": "det",
    "nfl:dolphins": "mia",
    "nfl:draw": "tie",
    "nfl:eagles": "phi",
    "nfl:falcons": "atl",
    "nfl:gb": "gb",
    "nfl:giants": "nyg",
    "nfl:gnb": "gb",
    "nfl:green_bay": "gb",
    "nfl:hou": "hou",
    "nfl:houston": "hou",
    "nfl:ind": "ind",
    "nfl:indianapolis": "ind",
    "nfl:jac": "jac",
    "nfl:jacksonville": "jac",
    "nfl:jaguars": "jac",
    "nfl:jax": "jac",
    "nfl:jets": "nyj",
    "nfl:kansas_city": "kc",
    "nfl:kc": "kc",
    "nfl:kcc": "kc",
    "nfl:la": "la",
    "nfl:lac": "lac",
    "nfl:lar": "la",
    "nfl:las_vegas": "lv",
    "nfl:lions": "det",
    "nfl:lv": "lv",
    "nfl:lvr": "lv",
    "nfl:mia": "mia",
    "nfl:miami": "mia",
    "nfl:min": "min",
    "nfl:minnesota": "min",
    "nfl:ne": "ne",
    "nfl:nep": "ne",
    "nfl:new_england": "ne",
    "nfl:new_orleans": "no",
    "nfl:niners": "sf",
    "nfl:no": "no",
    "nfl:nor": "no",
    "nfl:nyg": "nyg",
    "nfl:nyj": "nyj",
    "nfl:packers": "gb",
    "nfl:panthers": "car",
    "nfl:patriots": "ne",
    "nfl:phi": "phi",
    "nfl:philadelphia": "phi",
    "nfl:pit": "pit",
    "nfl:pittsburgh": "pit",
    "nfl:raiders": "lv",
    "nfl:rams": "la",
    "nfl:ravens": "bal",
    "nfl:saints": "no",
    "nfl:san_francisco": "sf",
    "nfl:sea": "sea",
    "nfl:seahawks": "sea",
    "nfl:seattle": "sea",
    "nfl:sf": "sf",
    "nfl:sfo": "sf",
    "nfl:steelers": "pit",
    "nfl:tampa_bay": "tb",
    "nfl:tb": "tb",
    "nfl:tbb": "tb",
    "nfl:ten": "ten",
    "nfl:tennessee": "ten",
    "nfl:texans": "hou",
    "nfl:tie": "tie",
    "nfl:titans": "ten",
    "nfl:vikings": "min",
    "nfl:was": "was",
    "nfl:washington": "was",
    "nfl:wsh": "was",
    "nhl:ana": "ana",
    "nhl:ari": "ari",
    "nhl:avs": "avs",
    "nhl:bos": "bos",
    "nhl:buf": "buf",
    "nhl:cal": "cgy",
    "nhl:car": "car",
    "nhl:cbj": "cbj",
    "nhl:cgy": "cgy",
    "nhl:chi": "chi",
    "nhl:col": "col",
    "nhl:dal": "dal",
    "nhl:det": "det",
    "nhl:draw": "tie",
    "nhl:edm": "edm",
    "nhl:fla": "fla",
    "nhl:la": "la",
    "nhl:lak": "la",
    "nhl:las": "vgk",
    "nhl:min": "min",
    "nhl:mon": "mtl",
    "nhl:mtl": "mtl",
    "nhl:nj": "nj",
    "nhl:nsh": "nsh",
    "nhl:nyi": "nyi",
    "nhl:nyr": "nyr",
    "nhl:ott": "ott",
    "nhl:phi": "phi",
    "nhl:pit": "pit",
    "nhl:sea": "sea",
    "nhl:sj": "sj",
    "nhl:stl": "stl",
    "nhl:tb": "tb",
    "nhl:tie": "tie",
    "nhl:tor": "tor",
    "nhl:uta": "uta",
    "nhl:utah": "uta",
    "nhl:van": "van",
    "nhl:vgk": "vgk",
    "nhl:wpg": "wpg",
    "nhl:wsh": "wsh",
    "or:alv": "alv",
    "or:ama": "ama",
    "or:aro": "aro",
    "or:avs": "avs",
    "or:ben": "ben",
    "or:cas": "cas",
    "or:cds": "cds",
    "or:est": "est",
    "or:fam": "fam",
    "or:mor": "mor",
    "or:nac": "nac",
    "or:por": "fcp",
    "or:rio": "rio",
    "or:scb": "scb",
    "or:spo": "spo",
    "or:ton": "ton",
    "pga:eu": "eu",
    "pga:tie": "tie",
    "pga:usa": "usa",
    "por:gil": "gil",
    "por:gui": "gui",
    "sea:acm": "acm",
    "sea:ata": "ata",
    "sea:bfc": "bfc",
    "sea:bol": "bfc",
    "sea:cag": "cag",
    "sea:com": "com",
    "sea:cre": "cre",
    "sea:draw": "tie",
    "sea:emp": "emp",
    "sea:fio": "fio",
    "sea:gen": "gen",
    "sea:int": "int",
    "sea:juv": "juv",
    "sea:laz": "laz",
    "sea:lec": "lec",
    "sea:mil": "acm",
    "sea:mon": "mon",
    "sea:nap": "nap",
    "sea:par": "par",
    "sea:pis": "pis",
    "sea:rom": "rom",
    "sea:sas": "sas",
    "sea:tie": "tie",
    "sea:tor": "tor",
    "sea:udi": "udi",
    "sea:ven": "ven",
    "sea:ver": "ver",
    "seriea:acm": "acm",
    "seriea:ata": "ata",
    "seriea:atalanta": "ata",
    "seriea:bfc": "bfc",
    "seriea:bol": "bfc",
    "seriea:bologna": "bfc",
    "seriea:cag": "cag",
    "seriea:cagliari": "cag",
    "seriea:com": "com",
    "seriea:como": "com",
    "seriea:cre": "cre",
    "seriea:cremonese": "cre",
    "seriea:draw": "tie",
    "seriea:fio": "fio",
    "seriea:fiorentina": "fio",
    "seriea:gen": "gen",
    "seriea:genoa": "gen",
    "seriea:hellas": "ver",
    "seriea:int": "int",
    "seriea:inter": "int",
    "seriea:juv": "juv",
    "seriea:juve": "juv",
    "seriea:juventus": "juv",
    "seriea:laz": "laz",
    "seriea:lazio": "laz",
    "seriea:lec": "lec",
    "seriea:lecce": "lec",
    "seriea:mil": "acm",
    "seriea:milan": "acm",
    "seriea:nap": "nap",
    "seriea:napoli": "nap",
    "seriea:par": "par",
    "seriea:parma": "par",
    "seriea:pis": "pis",
    "seriea:pisa": "pis",
    "seriea:rom": "rom",
    "seriea:roma": "rom",
    "seriea:sas": "sas",
    "seriea:sassuolo": "sas",
    "seriea:tie": "tie",
    "seriea:tor": "tor",
    "seriea:torino": "tor",
    "seriea:udi": "udi",
    "seriea:udinese": "udi",
    "seriea:ver": "ver",
    "seriea:verona": "ver",
    "superlig:bes": "bes",
    "superlig:draw": "tie",
    "superlig:gfk": "gaz",
    "tennis:alc": "alc",
    "tennis:ani": "ani",
    "tennis:fon": "fon",
    "tennis:kyr": "kyr",
    "tennis:osa": "osa",
    "tennis:pau": "pau",
    "tennis:peg": "peg",
    "tennis:sab": "sab",
    "tennis:tia": "tia",
    "tur:bes": "bes",
    "tur:draw": "tie",
    "tur:gfk": "gaz",
    "ucl:aja": "aja",
    "ucl:ajax": "aja",
    "ucl:alm": "alm",
    "ucl:ars": "ars",
    "ucl:arsenal": "ars",
    "ucl:asm": "asm",
    "ucl:ata": "ata",
    "ucl:atalanta": "ata",
    "ucl:ath": "ath",
    "ucl:atletico": "atm",
    "ucl:atm": "atm",
    "ucl:bar": "bar",
    "ucl:barca": "bar",
    "ucl:barcelona": "bar",
    "ucl:bay": "bmu",
    "ucl:bayern": "bmu",
    "ucl:bayern_munich": "bmu",
    "ucl:ben": "ben",
    "ucl:bes": "bes",
    "ucl:bes1": "bes",
    "ucl:bilbao": "ath",
    "ucl:bmu": "bmu",
    "ucl:bog": "bog",
    "ucl:bog1": "bog",
    "ucl:bol": "bfc",
    "ucl:bru": "bru",
    "ucl:brugge": "bru",
    "ucl:bvb": "bvb",
    "ucl:bvb1": "bvb",
    "ucl:cfc": "cfc",
    "ucl:cfc1": "cfc",
    "ucl:che": "cfc",
    "ucl:chelsea": "cfc",
    "ucl:club_brugge": "bru",
    "ucl:copenhagen": "fcc",
    "ucl:dortmund": "bvb",
    "ucl:draw": "tie",
    "ucl:eindhoven": "psv",
    "ucl:fcb": "bar",
    "ucl:fcc": "fcc",
    "ucl:fcp": "fcp",
    "ucl:fey": "fey",
    "ucl:fra": "sge",
    "ucl:frankfurt": "sge",
    "ucl:gal": "gal",
    "ucl:gal1": "gal",
    "ucl:galatasaray": "gal",
    "ucl:gen": "gen",
    "ucl:gir": "gir",
    "ucl:hof": "tsg",
    "ucl:int": "int",
    "ucl:inter": "int",
    "ucl:juv": "juv",
    "ucl:juventus": "juv",
    "ucl:kai1": "alm",
    "ucl:kairat": "alm",
    "ucl:kob1": "fcc",
    "ucl:laz": "laz",
    "ucl:lev": "lev",
    "ucl:lev2": "lev",
    "ucl:leverkusen": "lev",
    "ucl:lfc": "lfc",
    "ucl:lil": "lil",
    "ucl:liv": "lfc",
    "ucl:liverpool": "lfc",
    "ucl:lyo": "ol",
    "ucl:man_city": "mci",
    "ucl:manchester_city": "mci",
    "ucl:mar": "om",
    "ucl:marseille": "om",
    "ucl:mci": "mci",
    "ucl:mid": "fcm",
    "ucl:mil": "acm",
    "ucl:mil1": "acm",
    "ucl:mnc": "mci",
    "ucl:mnu": "mun",
    "ucl:monaco": "asm",
    "ucl:nap": "nap",
    "ucl:new": "new",
    "ucl:new1": "new",
    "ucl:newcastle": "new",
    "ucl:olm1": "om",
    "ucl:oly": "oly",
    "ucl:olympiacos": "oly",
    "ucl:om": "om",
    "ucl:paf": "paf",
    "ucl:paris": "psg",
    "ucl:porto": "fcp",
    "ucl:psg": "psg",
    "ucl:psg1": "psg",
    "ucl:psv": "psv",
    "ucl:qar": "qar",
    "ucl:qarabag": "qar",
    "ucl:rbl": "rbl",
    "ucl:rcl": "rcl",
    "ucl:real": "rma",
    "ucl:real_madrid": "rma",
    "ucl:rma": "rma",
    "ucl:rom": "rom",
    "ucl:sev": "sev",
    "ucl:sge": "sge",
    "ucl:sla": "sla",
    "ucl:slavia": "sla",
    "ucl:slavia_prague": "sla",
    "ucl:slp": "sla",
    "ucl:spo": "spo",
    "ucl:sporting": "spo",
    "ucl:sporting_lisbon": "spo",
    "ucl:spurs": "tot",
    "ucl:tie": "tie",
    "ucl:tot": "tot",
    "ucl:tottenham": "tot",
    "ucl:uni": "uni",
    "ucl:union_gilloise": "usg",
    "ucl:use": "udi",
    "ucl:usg": "usg",
    "ucl:val": "vcf",
    "ucl:vil": "vil",
    "ucl:vil1": "vil",
    "ucl:villarreal": "vil",
    "ucl:wob": "wob",
    "uel:aja": "aja",
    "uel:aja1": "aja",
    "uel:ars": "ars",
    "uel:ars1": "ars",
    "uel:asm": "asm",
    "uel:asm1": "asm",
    "uel:ast4": "avl",
    "uel:ath": "ath",
    "uel:ath1": "ath",
    "uel:atm": "atm",
    "uel:atm1": "atm",
    "uel:aug": "fca",
    "uel:aug1": "fca",
    "uel:avl": "avl",
    "uel:ber": "rbb",
    "uel:bet": "rbb",
    "uel:bmg": "bmg",
    "uel:bmg1": "bmg",
    "uel:bra": "skb",
    "uel:bru": "bru",
    "uel:bru1": "bru",
    "uel:bvb": "bvb",
    "uel:bvb1": "bvb",
    "uel:cfc": "cfc",
    "uel:cfc1": "cfc",
    "uel:crv1": "czv",
    "uel:cry": "cry",
    "uel:cry1": "cry",
    "uel:draw": "tie",
    "uel:eve": "eve",
    "uel:eve1": "eve",
    "uel:fen1": "fen",
    "uel:fey": "fey",
    "uel:ffk": "fen",
    "uel:ffk1": "fen",
    "uel:fra": "sge",
    "uel:fra1": "sge",
    "uel:gal": "gal",
    "uel:gal1": "gal",
    "uel:goa": "gae",
    "uel:hof": "tsg",
    "uel:hof1": "tsg",
    "uel:koe": "koe",
    "uel:koe1": "koe",
    "uel:lei": "lei",
    "uel:lei1": "lei",
    "uel:lev": "lev",
    "uel:lev3": "lev",
    "uel:liv": "lfc",
    "uel:liv1": "lfc",
    "uel:lud1": "lud",
    "uel:lyo1": "ol",
    "uel:mai": "m05",
    "uel:mai1": "m05",
    "uel:mal2": "mal",
    "uel:mid": "fcm",
    "uel:mid1": "fcm",
    "uel:mnu1": "mun",
    "uel:mun": "mun",
    "uel:nfo": "nfo",
    "uel:not": "nfo",
    "uel:ogc": "nic",
    "uel:ole": "oly",
    "uel:oly": "oly",
    "uel:pao1": "pao",
    "uel:por1": "fcp",
    "uel:rbb": "rbb",
    "uel:rcc": "rcc",
    "uel:rso": "rso",
    "uel:s04": "s04",
    "uel:s041": "s04",
    "uel:sam": "sam",
    "uel:sam2": "sam",
    "uel:sam3": "sam",
    "uel:sas": "sas",
    "uel:sas1": "sas",
    "uel:scb": "bra",
    "uel:sot": "sou",
    "uel:sot1": "sou",
    "uel:spp": "spp",
    "uel:spp1": "spp",
    "uel:ste": "fcsb",
    "uel:ste1": "fcsb",
    "uel:stu4": "stu",
    "uel:tie": "tie",
    "uel:tot": "tot",
    "uel:tot1": "tot",
    "uel:usg": "usg",
    "uel:usg1": "usg",
    "uel:utr1": "fcu",
    "uel:whu": "whu",
    "uel:whu1": "whu",
    "uel:wob": "wob",
    "uel:wob1": "wob",
    "uel:yob": "yob",
    "uel:yob1": "yob"
  }
}
